date,target,prev_decision,GDP_diff_prev,PMI_value,Employ_diff_prev,Rsales_diff_year,Unemp_diff_prev,Inertia_diff,Hsales_diff_year,Balanced_diff
1982-10-05,-1,0,0.45619851533253863,38.8,-169.0,2.183869424168597,-0.16666666666666666,-0.019601776185457498,-15.485274775595258,0.010041027864163618
1982-11-16,-1,-1,-0.382299274214082,39.4,-228.0,2.183869424168597,-0.19999999999999987,-0.019601776185457498,-9.537495595826654,0.010041027864163618
1982-12-21,0,-1,-0.382299274214082,39.2,-198.5,2.183869424168597,-0.3333333333333333,-0.019601776185457498,-3.1162749490465793,0.010041027864163618
1983-01-14,0,0,-0.382299274214082,42.8,-68.0,2.183869424168597,-0.2333333333333337,-0.019601776185457498,-0.7744315550034856,0.010041027864163618
1983-01-21,0,0,-0.382299274214082,42.8,-68.0,2.183869424168597,-0.2333333333333337,-0.044065506107272334,-0.7744315550034856,0.010041027864163618
1983-01-28,0,0,-0.382299274214082,42.8,-68.0,2.183869424168597,-0.2333333333333337,-0.04406550610727411,-0.7744315550034856,0.010041027864163618
1983-02-09,0,0,0.039946273878294476,46.0,102.0,2.183869424168597,0.0,-0.09208877437935836,6.403611639641855,0.010041027864163618
1983-03-29,1,0,0.039946273878294476,54.4,73.0,2.183869424168597,0.13333333333333344,-0.10777715021353185,13.270609580370659,0.010041027864163618
1983-04-29,0,1,0.039946273878294476,53.9,50.0,2.183869424168597,0.16666666666666666,0.0738927917598513,20.48691315167537,0.010041027864163618
1983-05-24,1,0,1.3178475763483752,54.2,223.5,2.183869424168597,0.06666666666666703,0.026315083445568987,30.159657351344823,0.010041027864163618
1983-06-23,1,1,1.3178475763483752,56.1,277.0,2.183869424168597,0.10000000000000024,0.07296149596604007,37.717131179562756,0.010041027864163618
1983-07-13,1,1,1.3178475763483752,57.5,328.5,2.183869424168597,0.06666666666666703,0.091907778327732,44.94957446622291,0.010041027864163618
1983-08-23,0,1,2.2756124393012738,63.6,396.5,2.183869424168597,0.26666666666666633,0.3092640821691752,51.16566108648587,0.010041027864163618
1983-09-08,0,0,2.2756124393012738,63.1,54.0,2.183869424168597,0.19999999999999987,0.09392467578030761,53.90470965886777,0.010041027864163618
1983-10-04,0,0,2.2756124393012738,62.5,405.0,2.183869424168597,0.3000000000000001,0.09249473648083484,52.57934583350394,0.010041027864163618
1983-11-15,0,0,1.9990642943219665,64.4,695.5,2.183869424168597,0.19999999999999987,-0.0861251954190907,52.315612999546396,-0.07422498938993005
1983-12-20,0,0,1.9990642943219665,66.0,314.0,2.183869424168597,0.3333333333333333,-0.08927135829075628,49.91722211239221,0.056353857631657345
1984-01-31,0,0,2.086217479342563,69.9,355.0,2.183869424168597,0.29999999999999954,-0.022763335502151705,52.78090092116903,0.0538645837469387
1984-03-20,0,0,2.086217479342563,61.3,463.5,2.183869424168597,0.2333333333333334,-0.0010079373824289917,46.98483109234461,0.24161741922742763
1984-03-27,1,0,2.086217479342563,61.3,463.5,2.183869424168597,0.2333333333333334,-0.0011020075634489146,46.98483109234461,0.02691540847121976
1984-05-22,0,1,1.9547702889620848,61.0,317.5,2.183869424168597,0.09999999999999994,0.49074655257361766,35.3305141458302,0.35994614988143914
1984-07-17,1,0,1.9547702889620848,58.1,343.5,2.183869424168597,0.19999999999999987,0.25919862557927864,22.041519384453974,0.6026606230387954
1984-08-21,0,1,1.7277926627437556,56.1,345.5,2.183869424168597,0.06666666666666672,0.20116640788887352,17.08695392790832,0.35181626728112736
1984-10-02,0,0,1.7277926627437556,53.0,276.5,2.183869424168597,-0.033333333333333215,0.3305715147998196,13.635731726686117,0.367024191130096
1984-11-07,-1,0,0.964063628357004,50.8,298.5,2.183869424168597,0.033333333333333215,-0.24441624713699106,10.261908186931533,0.2192649561210338
1984-12-18,-1,-1,0.964063628357004,50.3,319.0,2.183869424168597,0.09999999999999994,-0.8617422101123378,8.299939519382894,0.17824563259492088
1985-01-18,0,-1,0.964063628357004,50.6,239.0,2.183869424168597,0.0,-0.7676339462465709,2.371859790795136,0.17742088129823053
1985-02-13,1,0,0.8208571463863279,50.3,195.0,2.183869424168597,0.03333333333333351,-0.4070635836669583,0.2563980282881532,0.11941599375674006
1985-03-26,1,1,0.8208571463863279,49.9,198.0,2.183869424168597,0.0,-0.2529226848006054,-1.8981778569602072,0.25954145236339166
1985-05-21,0,1,0.9690723005598191,48.2,267.5,2.183869424168597,0.0,0.04604061186943387,-2.398201532463219,0.2092435619602213
1985-07-10,-1,0,0.9690723005598191,47.8,210.5,2.183869424168597,-0.06666666666666672,-0.27442910859229386,0.5561652647118692,-0.01744645146210022
1985-08-20,1,-1,0.8804663531419341,47.9,168.0,2.183869424168597,-0.03333333333333351,-0.2048237699475699,2.356395772415305,-0.053283495454611085
1985-09-23,0,1,0.8804663531419341,47.7,190.5,2.183869424168597,0.03333333333333351,0.04927120341181723,4.766100265453131,-0.03922896310332202
1985-10-01,0,0,0.8804663531419341,47.7,190.5,2.183869424168597,0.03333333333333351,0.01826736516682992,4.766100265453131,-0.005165357621126354
1985-11-05,0,0,1.527121263417938,50.9,196.5,2.183869424168597,0.10000000000000024,0.07695428071107902,3.1140064982741698,0.029718808270642327
1985-12-17,-1,0,1.527121263417938,52.0,199.0,2.183869424168597,0.033333333333333215,0.005841063492447063,5.6205653449575514,0.1267004073800182
1986-02-12,0,-1,0.7433273444971662,51.2,144.5,2.183869424168597,0.13333333333333316,-0.17662015166960732,10.940513978217988,0.13818602736011076
1986-04-01,1,0,0.7433273444971662,51.0,119.0,2.183869424168597,-0.06666666666666672,-0.17202584076841365,11.670210835556668,0.008707137537419918
1986-04-21,-1,1,0.7433273444971662,51.0,101.0,2.183869424168597,-0.06666666666666672,-0.05774417304608548,13.875823650233192,-0.01598760861754478
1986-05-20,1,-1,0.9335247075075961,49.7,137.0,2.183869424168597,-0.13333333333333316,-0.24711792386057319,17.3090905154628,-0.024649369673481303
1986-07-09,-1,1,0.9335247075075961,50.5,17.0,2.183869424168597,0.0,-0.24209322556023682,16.67205962416931,0.02015526345524954
1986-08-19,-1,-1,0.45037736258633776,48.0,112.5,2.183869424168597,0.033333333333333215,-0.16805108500338228,13.953287523403175,-0.04461370126027031
1986-09-23,0,-1,0.45037736258633776,52.6,216.5,2.183869424168597,0.09999999999999994,-0.26523847222454133,10.411192693429555,-0.06136796714280823
1986-11-05,0,0,0.9569928864379326,51.2,266.5,2.183869424168597,0.0,-0.21346350060690256,11.82080038923825,-0.16314400446729227
1986-12-16,0,0,0.9569928864379326,51.2,187.0,2.183869424168597,0.0,-0.05655671147501451,9.626830692337803,-0.1811835924449472
1987-02-11,0,0,0.5369857182333668,54.9,185.0,2.183869424168597,0.13333333333333344,0.0179411462426744,7.214307226458743,-0.22996259494227012
1987-02-23,0,0,0.5369857182333668,54.9,185.0,2.183869424168597,0.13333333333333344,0.02002298884955156,7.214307226458743,-0.055224909564562275
1987-03-31,0,0,0.5369857182333668,52.6,205.0,2.183869424168597,0.10000000000000024,0.09697736701296744,6.698022435980405,-0.1972100994269157
1987-04-29,1,0,0.5369857182333668,55.0,243.0,2.183869424168597,0.0,0.05755778700167724,2.520954626740464,-0.14298249523170092
1987-05-19,1,1,0.7450196299007654,55.5,290.0,2.183869424168597,0.09999999999999994,0.11302971241685267,-1.8508380734765968,-0.10316544193460064
1987-07-07,0,1,0.7450196299007654,57.4,200.5,2.183869424168597,0.13333333333333316,0.33186394447044076,-5.783604793747853,-0.2159301467925694
1987-08-18,0,0,1.0788423160842233,57.5,259.5,2.183869424168597,0.06666666666666672,0.11154059082242895,-5.521385996288495,-0.09322385821350077
1987-09-22,1,0,1.0788423160842233,59.3,260.0,2.183869424168597,0.09999999999999994,0.045201609617577354,-3.8330600490692674,-0.02585553737442714
1987-10-19,0,1,1.0788423160842233,60.0,200.0,2.183869424168597,0.09999999999999994,0.14090238443415348,-5.937214070289133,0.02493272345871489
1987-10-20,0,0,1.0788423160842233,60.0,200.0,2.183869424168597,0.09999999999999994,0.005573586392307206,-5.937214070289133,0.0012901524166801792
1987-10-30,0,0,1.0788423160842233,60.0,200.0,2.183869424168597,0.09999999999999994,0.0561865406723685,-5.937214070289133,0.010064328397801248
1987-11-03,-1,0,0.8675668556268291,60.0,200.0,2.183869424168597,0.09999999999999994,0.023130019417434866,-5.937214070289133,0.0029812137163038877
1987-12-16,0,-1,0.8675668556268291,58.8,362.5,2.183869424168597,0.06666666666666672,-0.04242773061339378,-7.022939087766563,0.03106320004597185
1988-01-05,0,0,0.8675668556268291,61.0,261.5,2.183869424168597,0.06666666666666672,-0.10553857968909419,-9.760022999000961,0.012593484403121025
1988-02-10,-1,0,1.7170360958300372,57.5,190.5,2.183869424168597,0.09999999999999994,-0.18775768896470257,-10.944623513018422,0.0745754852506737
1988-03-29,1,-1,1.7170360958300372,56.2,276.5,2.183869424168597,0.033333333333333215,-0.24504300225410436,-11.77593018448903,0.31434315885055586
1988-05-17,0,1,0.5166541671857194,55.8,259.0,2.183869424168597,0.09999999999999994,-0.0543486123112622,-9.93060422613893,0.3750530417299611
1988-06-30,1,0,0.5166541671857194,55.5,236.5,2.183869424168597,0.03333333333333351,0.2928240498832233,-8.050635999427174,0.3079199353003155
1988-07-19,1,1,0.5166541671857194,59.3,297.0,2.183869424168597,0.09999999999999994,0.12971641621970598,-5.9623968576166035,0.12744884161506143
1988-08-16,0,1,1.3139006174740862,58.2,294.0,2.183869424168597,0.0,0.22766185529823169,-5.218884491992429,0.20745085717779332
1988-09-20,0,0,1.3139006174740862,56.0,174.0,2.183869424168597,0.0,0.24573886132012568,-5.308774858833361,0.29157299070305065
1988-10-17,0,0,1.3139006174740862,54.5,231.5,2.183869424168597,0.0,0.12187473846288377,-3.7863973043457153,0.21188310130795784
1988-11-01,0,0,0.5859283143099971,54.5,231.5,2.183869424168597,0.0,0.044154838827014764,-3.7863973043457153,0.11017059424084685
1988-11-22,1,0,0.5859283143099971,55.4,301.0,2.183869424168597,0.0,0.028050048364299585,-2.67793078332314,0.15184033375981532
1988-12-14,1,1,0.5859283143099971,55.6,302.0,2.183869424168597,0.09999999999999994,0.05377499360597149,-1.6714055593721735,0.1489768807672247
1989-02-08,1,1,1.3325005532697323,54.7,272.0,2.183869424168597,0.0,0.38522957063529084,4.586159672125896,0.35897828737165494
1989-03-28,0,1,1.3325005532697323,54.1,264.5,2.183869424168597,0.033333333333333215,0.45764506035277375,4.8563444589452045,0.2666743155727511
1989-05-16,1,0,1.0165976737590317,52.2,182.0,2.183869424168597,0.06666666666666672,0.3054271315916086,3.423330493080552,0.2744094263289947
1989-05-31,0,1,1.0165976737590317,52.2,182.0,2.183869424168597,0.06666666666666672,0.040540123518209015,3.423330493080552,0.08606283370072365
1989-06-05,-1,0,1.0165976737590317,49.3,146.0,2.183869424168597,0.0,0.003302647529365821,2.6597728534617913,0.02510312889871269
1989-07-06,-1,-1,1.0165976737590317,47.3,118.0,2.183869424168597,-0.09999999999999994,-0.04663601493129299,0.7415127911491295,0.1480284510576917
1989-07-26,-1,-1,1.0165976737590317,47.3,118.0,2.183869424168597,-0.09999999999999994,-0.07263588498017892,0.7415127911491295,0.08886025382227469
1989-08-22,0,-1,0.7632656565920425,45.9,78.0,2.183869424168597,0.0,-0.15589233007583037,1.1137487660391951,0.050139078396481906
1989-10-03,0,0,0.7632656565920425,45.1,46.5,2.183869424168597,0.0,-0.1933096059938455,0.8295589733474911,0.028248275447348092
1989-10-16,-1,0,0.7632656565920425,46.0,150.0,2.183869424168597,0.0,-0.02196935875394246,-0.3920573798478097,0.0041885648222645955
1989-10-17,-1,-1,0.7632656565920425,46.0,150.0,2.183869424168597,0.0,-0.0013267028101315859,-0.3920573798478097,0.00032219729402083175
1989-10-18,-1,-1,0.7632656565920425,46.0,150.0,2.183869424168597,0.0,-0.0013267028101315859,-0.3920573798478097,0.00032219729402083175
1989-11-14,0,-1,0.7408769937583154,46.8,178.0,2.183869424168597,-0.033333333333333215,-0.08358310123558876,-2.1111131615776864,-0.0034613795463540598
1989-12-19,-1,0,0.7408769937583154,46.8,191.5,2.183869424168597,-0.06666666666666672,-0.1526685425210017,-1.4080133738919114,-0.01754450112020045
1990-02-07,0,-1,0.19705097429736548,47.2,223.5,2.183869424168597,-0.03333333333333351,-0.27953000624702806,-5.701235134897637,-0.07267118719641363
1990-03-27,0,0,0.19705097429736548,49.1,299.5,2.183869424168597,0.03333333333333351,-0.03909020573749533,-5.601227698499052,-0.23670145875235882
1990-04-11,0,0,0.19705097429736548,49.9,222.5,2.183869424168597,0.06666666666666672,0.013666017942917996,-4.227793975787802,-0.07145803109850757
1990-05-15,0,0,1.0927954159291084,50.0,125.5,2.183869424168597,0.0,-0.0058716610991425,-4.047516072517466,-0.128383219087703
1990-07-03,0,0,1.0927954159291084,49.5,97.5,2.183869424168597,-0.03333333333333351,-0.07390503777393675,-5.2561822161964455,-0.11639862830150616
1990-08-21,0,0,0.3629117904577434,46.6,-7.5,2.183869424168597,-0.033333333333333215,-0.11209299262153394,-8.436357003056889,-0.09581317507545073
1990-09-07,0,0,0.3629117904577434,46.1,-120.0,2.183869424168597,-0.09999999999999994,-0.035540845732556114,-10.565932954254157,-0.02466407696145989
1990-09-17,0,0,0.3629117904577434,46.1,-120.0,2.183869424168597,-0.09999999999999994,-0.021335595891964765,-10.565932954254157,-0.012337529608110742
1990-10-02,0,0,0.3629117904577434,46.1,-120.0,2.183869424168597,-0.09999999999999994,-0.03267089110528065,-10.565932954254157,-0.014539782800540912
1990-11-13,-1,0,0.06651243216418434,43.2,-124.5,2.183869424168597,-0.13333333333333344,-0.06709650783728449,-13.150493111511812,0.009009336512008304
1990-12-07,-1,-1,0.06651243216418434,41.3,-152.0,2.183869424168597,-0.16666666666666666,-0.10337674844607037,-16.22059094987985,-0.011146237035230655
1990-12-18,-1,-1,0.06651243216418434,41.3,-152.0,2.183869424168597,-0.16666666666666666,-0.0740269136778533,-16.22059094987985,-0.005488733246857613
1991-01-09,-1,-1,0.06651243216418434,40.8,-100.5,2.183869424168597,-0.13333333333333316,-0.18747669119602595,-18.06174821656903,-0.01558445835764033
1991-02-01,-1,-1,-0.9103945411629843,40.8,-100.5,2.183869424168597,-0.13333333333333316,-0.22687924231469214,-18.06174821656903,-0.01989665295134646
1991-02-06,0,-1,-0.9103945411629843,39.2,-79.5,2.183869424168597,-0.16666666666666666,-0.05365506313620738,-19.85786962174647,-0.02219858941671049
1991-03-26,0,0,-0.9103945411629843,39.4,-216.0,2.183869424168597,-0.13333333333333316,-0.40588612274728053,-20.97948575368627,-0.18509171972068028
1991-04-12,0,0,-0.9103945411629843,40.7,-240.5,2.183869424168597,-0.16666666666666666,-0.09926192126970079,-22.055072567755463,-0.08426829732446794
1991-04-30,-1,0,-0.4678675840305243,40.7,-240.5,2.183869424168597,-0.16666666666666666,-0.06904726792991767,-22.055072567755463,-0.10446388505883597
1991-05-01,0,-1,-0.4678675840305243,40.7,-240.5,2.183869424168597,-0.16666666666666666,-0.004343523281664652,-22.055072567755463,-0.010260046799253963
1991-05-14,0,0,-0.4678675840305243,42.8,-185.0,2.183869424168597,-0.09999999999999994,-0.029273970748829647,-21.67322253214985,-0.14854443857186883
1991-06-10,0,0,-0.4678675840305243,44.5,-162.5,2.183869424168597,-0.10000000000000024,-0.036782566799281824,-20.388719167453278,-0.3101690782160622
1991-06-24,0,0,-0.4678675840305243,44.5,-162.5,2.183869424168597,-0.10000000000000024,0.013920473477952555,-20.388719167453278,-0.16375630195994173
1991-07-03,0,0,-0.4678675840305243,44.5,-162.5,2.183869424168597,-0.10000000000000024,0.006823401990356359,-20.388719167453278,-0.1046326178664927
1991-08-05,-1,0,0.7797180375009856,50.6,21.5,2.183869424168597,-0.033333333333333215,0.0066541578253032085,-17.89510505787292,-0.3699243695380128
1991-08-20,0,-1,0.7797180375009856,50.6,21.5,2.183869424168597,-0.033333333333333215,-0.02989182650210953,-17.89510505787292,-0.1688978725666166
1991-09-13,-1,0,0.7797180375009856,52.9,-12.0,2.183869424168597,0.0,-0.056764826146761926,-15.906106391148285,-0.26731537749543133
1991-10-01,0,-1,0.7797180375009856,52.9,-12.0,2.183869424168597,0.0,-0.08768948660322451,-15.906106391148285,-0.20435465583540946
1991-10-30,-1,0,0.7797180375009856,54.9,22.0,2.183869424168597,0.0,-0.12427744275692287,-14.19242300649148,-0.3648200390908043
1991-11-05,-1,-1,0.5053384308288108,53.1,23.5,2.183869424168597,-0.06666666666666672,-0.035971146042251156,-10.809493940891747,-0.06752352762302838
1991-12-02,0,-1,0.5053384308288108,53.1,23.5,2.183869424168597,-0.06666666666666672,-0.18050523514983174,-10.809493940891747,-0.3032486011040829
1991-12-17,-1,0,0.5053384308288108,49.5,-20.0,2.183869424168597,-0.033333333333333215,-0.10945430156310598,-7.096424220162153,-0.17478310391285
1992-01-09,0,-1,0.5053384308288108,46.8,-14.5,2.183869424168597,-0.13333333333333316,-0.24554179778298035,-3.2124386335903594,-0.25746449872954535
1992-02-05,0,0,0.34856390224669626,47.3,36.5,2.183869424168597,-0.09999999999999994,-0.29394453673030085,5.4459892215030905,-0.2423287000696308
1992-03-11,0,0,0.34856390224669626,52.7,-8.5,2.183869424168597,-0.13333333333333344,-0.22051320140177477,9.69731676489837,-0.22839370481236188
1992-03-31,0,0,0.34856390224669626,52.7,-8.5,2.183869424168597,-0.13333333333333344,-0.02615066190644688,9.69731676489837,-0.14515316892241392
1992-05-19,0,0,1.19715757414335,52.6,104.0,2.183869424168597,-0.03333333333333351,-0.08064548732801002,12.572219253448418,-0.18429864406513063
1992-07-01,-1,0,1.19715757414335,55.7,142.0,2.183869424168597,-0.06666666666666643,-0.15038423660655775,13.43390206289599,0.005267265429293566
1992-07-02,-1,-1,1.19715757414335,55.7,142.0,2.183869424168597,-0.06666666666666643,-0.0030895805697617185,13.43390206289599,-0.0011029083776370463
1992-08-18,0,-1,1.0843206039467401,53.9,72.0,2.183869424168597,-0.09999999999999994,-0.2569099550282532,17.537662160074667,-0.03173338501109457
1992-10-06,0,0,1.0843206039467401,49.7,83.0,2.183869424168597,0.06666666666666672,-0.27879483817391026,22.2523352774936,0.0002152104843387015
1992-11-17,0,0,0.9881071886633277,50.3,107.0,2.183869424168597,0.13333333333333344,-0.09650687459736984,22.73760847238265,-0.004686150887899476
1992-12-14,0,0,0.9881071886633277,53.6,156.5,2.183869424168597,0.06666666666666643,-0.032318723999476884,21.916754193639672,0.015682216260338055
1992-12-22,0,0,0.9881071886633277,53.6,156.5,2.183869424168597,0.06666666666666643,0.0005752971225594372,21.916754193639672,0.008794120982470677
1993-01-06,0,0,0.9881071886633277,54.2,178.0,2.183869424168597,0.06666666666666643,-0.002612372462912571,21.60249040259613,0.014018629628230972
1993-02-03,0,0,1.042879871365018,54.2,178.0,2.183869424168597,0.06666666666666643,-0.014616866688544672,21.60249040259613,0.032430682004927824
1993-02-18,0,0,1.042879871365018,55.8,261.0,2.183869424168597,0.0,-0.01523559744656744,14.901417640713847,0.03129597045814547
1993-03-01,0,0,1.042879871365018,55.8,261.0,2.183869424168597,0.0,-0.011172771460815412,14.901417640713847,0.027800337663804076
1993-03-23,0,0,1.042879871365018,55.2,274.5,2.912842954596311,0.10000000000000024,-0.014071862572753169,11.730590773872722,0.06895331608715782
1993-05-18,0,0,0.16697909194549318,50.2,126.0,3.0924559421363735,0.06666666666666672,0.0022762380208516397,13.455236158670374,0.09352801021249979
1993-07-07,0,0,0.16697909194549318,49.6,226.5,4.263357068983349,0.0,0.05265060706903579,13.446869425157566,-0.03256893355374668
1993-08-17,0,0,0.5821134532830724,50.2,243.5,4.61167273521659,0.06666666666666643,0.003954310992969834,11.927296312217477,0.01550329638457315
1993-09-21,0,0,0.5821134532830724,50.7,228.5,4.894733477349547,0.09999999999999994,-0.0050403070131959105,10.30250854647627,-0.022202732922929513
1993-10-05,0,0,0.5821134532830724,50.8,196.5,4.567647130216355,0.09999999999999994,0.002171234824470236,8.487682031444415,-0.005807611311702043
1993-10-15,0,0,0.5821134532830724,50.8,196.5,4.567647130216355,0.09999999999999994,0.002723543516814697,8.487682031444415,0.001518613847579342
1993-10-22,0,0,0.5821134532830724,50.8,196.5,4.567647130216355,0.09999999999999994,0.0019064804617707765,8.487682031444415,0.0010630296933058503
1993-11-09,0,0,0.4771565873036193,53.4,263.5,4.365694621564352,0.03333333333333351,0.006993304537576961,8.05885612067913,-0.002712148325161312
1993-11-10,0,0,0.4771565873036193,53.4,263.5,4.365694621564352,0.03333333333333351,0.0005312381073565575,8.05885612067913,-0.0003703689251546294
1993-11-16,0,0,0.4771565873036193,53.4,263.5,4.365694621564352,0.03333333333333351,0.003187428644138901,8.05885612067913,-0.002222213550925556
1993-12-21,0,0,0.4771565873036193,53.8,268.0,4.732362952445227,0.06666666666666672,0.02067521025916097,9.59733036889704,-0.04922156685807133
1994-02-04,1,0,1.3600755600879433,56.0,305.5,3.9683052876412988,0.06666666666666672,0.029495056501873673,11.608080506835046,-0.09230533292591003
1994-02-28,0,1,1.3600755600879433,56.0,305.5,3.9683052876412988,0.06666666666666672,0.04901990637248632,11.608080506835046,-0.037083920547781535
1994-03-22,1,0,1.3600755600879433,56.5,233.5,4.3962138321622275,0.0,0.04444684634541751,13.195869443052302,-0.054182066743486246
1994-03-24,0,1,1.3600755600879433,56.5,233.5,4.3962138321622275,0.0,0.008760731769514418,13.195869443052302,-0.005006859707982869
1994-04-18,1,0,1.3600755600879433,56.9,323.5,6.952458142084109,0.0,0.11012865407569938,14.46467104670819,-0.05337865212379178
1994-05-17,1,1,0.9703128401259713,57.4,402.5,7.11687595532304,0.06666666666666643,0.16752950301732517,11.99199116675299,-0.0050398712928894085
1994-07-06,0,1,0.9703128401259713,58.8,326.0,5.18918721009257,0.13333333333333344,0.412111397916493,10.568889406956382,0.012585262447237788
1994-07-20,0,0,0.9703128401259713,58.8,326.0,5.18918721009257,0.13333333333333344,0.08983512594318643,10.568889406956382,-0.014199510660860337
1994-08-16,1,0,1.3550997524554955,58.5,344.5,5.070409829230316,0.10000000000000024,0.10992391079438057,9.853235479169067,0.013666743824747751
1994-09-27,0,1,1.3550997524554955,58.0,329.0,4.934203070476595,0.033333333333333215,0.15462985263473827,9.877429813916274,0.08685264963235984
1994-11-15,1,0,0.5845360161300549,59.4,281.0,6.006405917965859,0.09999999999999994,0.19096708235709992,7.3570416106188175,0.08485508878519532
1994-12-20,0,1,0.5845360161300549,59.2,311.0,5.858736930844548,0.13333333333333344,0.2563423721755189,3.92045010113557,0.09334914043321385
1994-12-30,0,0,0.5845360161300549,59.2,311.0,5.858736930844548,0.13333333333333344,0.07246272771463635,3.92045010113557,0.03045577521595
1995-01-13,0,0,0.5845360161300549,56.1,353.5,5.1576828391972045,0.13333333333333344,0.10106356637803948,-0.034551793521496954,0.037295783432725216
1995-02-01,1,0,1.1455182646587478,56.1,353.5,5.1576828391972045,0.13333333333333344,0.1364488569999751,-0.034551793521496954,0.04262400349147111
1995-03-10,0,1,1.1455182646587478,55.1,266.0,4.195095340834732,0.06666666666666643,0.2305916904067491,-2.936008681596531,0.1132003276253819
1995-03-28,0,0,1.1455182646587478,55.1,266.0,4.195095340834732,0.06666666666666643,0.06736919649114537,-2.936008681596531,0.07471810871397011
1995-04-28,0,0,1.1455182646587478,52.1,203.0,2.1218791614758286,0.033333333333333215,0.11455559863774134,-6.4046080699213315,0.11617596273455977
1995-05-23,0,0,0.3546954702204828,51.5,186.0,1.7060472009803622,-0.06666666666666672,0.02717100895831326,-7.152627689567364,0.03204498491314922
1995-07-06,-1,0,0.3546954702204828,45.9,108.5,3.182040399190674,-0.06666666666666643,0.030068775209482368,-6.418956673212893,0.09121848920507203
1995-08-22,0,-1,0.29830569907767834,50.7,165.5,3.060836962438131,0.033333333333333215,-0.07475277455413032,-4.257504670814228,0.011381683807051513
1995-09-26,0,0,0.29830569907767834,47.1,174.0,2.7262495489490948,-0.03333333333333351,-0.04173054304556434,-3.8279771923999095,-0.0648259381297347
1995-11-15,0,0,0.8506648680937822,46.7,198.5,1.3127758324476975,0.06666666666666672,0.0032166912349955723,-3.6048789319942602,-0.045305396267222964
1995-12-19,-1,0,0.8506648680937822,45.9,150.0,1.1859960251172335,0.03333333333333351,-0.016834271920608046,-2.0397809196184107,-0.021358636140907272
1996-01-31,-1,-1,0.6790365355671227,46.2,144.5,2.0326981569444746,0.0,-0.10585242280378804,0.8981813109401683,-0.04069009221269937
1996-03-26,0,-1,0.6790365355671227,45.9,209.5,2.3784354945950743,0.033333333333333215,-0.2289073557612351,6.648752592586078,-0.1323514404300301
1996-05-21,0,0,0.7489713290041279,49.3,209.5,3.852833304955936,0.0,-0.06684872303746214,11.928827808691542,-0.1276434562383617
1996-07-03,0,0,0.7489713290041279,49.1,246.5,3.7373293264651033,-0.033333333333333215,0.012799299495973138,13.02405240756844,-0.09207871103993392
1996-08-20,0,0,1.66788394735952,49.7,264.5,2.4333996802283844,0.033333333333333215,-0.0193910062551943,9.81900257794625,-0.00836965677394863
1996-09-24,0,0,1.66788394735952,51.6,215.0,2.2538247449435307,0.16666666666666666,-0.05186776094621148,10.733328656834713,0.08087999296050663
1996-11-13,0,0,0.8970109358134323,50.5,233.0,3.4309671280976604,0.09999999999999994,-0.046835544217482816,12.360597787325572,0.07071353492941501
1996-12-17,0,0,0.8970109358134323,53.0,275.5,3.295588284237057,-0.10000000000000024,-0.00839852231741256,13.471271130854488,0.061684993699441915
1997-02-05,0,0,1.0383976491216842,53.8,201.0,2.992745585640068,-0.033333333333333215,-0.027263466579811713,13.72215339081592,0.11722394677973647
1997-03-25,1,0,1.0383976491216842,53.1,266.0,3.5614072372343903,0.06666666666666672,-0.011160665815740156,10.938333748799288,0.12704192521770485
1997-05-20,0,1,0.6455607769440448,53.7,305.5,2.517461185306449,0.06666666666666672,0.12732018388687782,9.336631376289963,0.16970862315878277
1997-07-02,0,0,0.6455607769440448,56.1,278.0,1.4759997958366038,0.09999999999999994,0.08379242351254579,8.602813294757862,0.13616072535623447
1997-08-19,0,0,1.6619781050890108,57.7,282.5,2.9075844698620066,0.06666666666666643,-0.011904175412709606,9.805289485309832,0.12279928601026002
1997-09-30,0,0,1.6619781050890108,56.3,139.5,3.545494655342437,0.03333333333333351,-0.04171135005670745,8.208340470930512,0.09871182288845626
1997-11-12,0,0,1.250778573313949,56.4,418.0,2.3030579230953325,0.06666666666666672,-0.01805758019689474,8.473709038099507,0.08540800125200709
1997-12-16,0,0,1.250778573313949,55.7,325.0,2.0996238312292954,0.06666666666666672,0.010768936638961613,8.136025619600609,0.051153913347487645
1998-02-04,0,0,0.8587435626066455,53.8,288.5,2.1833453087834562,0.03333333333333351,0.013416849901273231,5.951264092383025,0.037450879375374946
1998-03-31,0,0,0.8587435626066455,52.9,233.5,1.6417293120365866,0.0,0.023551855392094367,6.280731430295593,0.0189648187759639
1998-05-19,0,0,0.9993754010374081,52.2,213.0,2.6167014282224725,0.09999999999999994,0.019087124696492985,6.335397229104977,-0.012141073426562343
1998-07-01,0,0,0.9993754010374081,50.9,340.0,4.076353506868343,0.06666666666666643,0.026344587218328996,7.57155145515267,-0.020770151702934392
1998-08-18,0,0,0.9258205069039573,49.2,180.5,3.0253683270087097,-0.06666666666666672,0.02221339019830193,8.461695911770494,-0.08095208738967186
1998-09-21,0,0,0.9258205069039573,49.3,234.0,1.7346677049949712,-0.033333333333333215,0.01582035745592858,8.88964592093086,-0.09890333883641933
1998-09-29,-1,0,0.9258205069039573,49.3,234.0,1.7346677049949712,-0.033333333333333215,0.0018567974654235542,8.88964592093086,-0.017623608656388345
1998-10-15,-1,-1,0.9258205069039573,48.7,273.5,1.781605913774706,-0.033333333333333215,-0.04136844420421237,8.370165401450341,-0.016127678111519828
1998-11-17,-1,-1,1.2527645526688542,48.7,205.0,3.053174213821717,0.0,-0.17818239859149454,8.412989475524414,-0.04358209926779866
1998-12-22,0,-1,1.2527645526688542,48.2,239.5,4.223145175402092,0.033333333333333215,-0.27125585707906286,8.67130449449929,-0.044136345251100995
1999-02-03,0,0,1.6161907023370277,46.8,321.0,4.706189774849397,0.06666666666666643,-0.17162228398311097,10.434872359278845,-0.02483521295468627
1999-03-30,0,0,1.6161907023370277,51.7,262.0,5.391710759869168,0.0,-0.09746822852531523,9.19240713961012,0.08121287080668882
1999-05-18,0,0,0.9438266145912767,52.3,238.5,5.159501534965818,0.0,-0.018554346735899507,8.545302958763529,0.06903633293048239
1999-06-30,1,0,0.9438266145912767,54.3,290.5,4.924918272166067,0.06666666666666672,0.0233322310399644,7.162154063413541,0.06618152514216469
1999-08-24,1,1,0.8350000298127901,53.6,303.0,5.500843183316736,0.0,0.12850159313638887,5.289354699084286,0.12780287216483055
1999-10-05,0,1,0.8350000298127901,57.0,179.0,7.194490684365974,0.033333333333333215,0.18674064049709438,4.830736663140073,0.06962388696913546
1999-11-16,1,0,1.3230270261286137,57.2,304.0,5.991915827573406,0.06666666666666672,0.10482836441934129,3.6660180181232764,0.04282257859414251
1999-12-21,0,1,1.3230270261286137,58.1,347.0,5.470395423203649,0.03333333333333351,0.07400710895724494,1.2969872935125688,0.0784936925436428
2000-02-02,1,0,1.6427790050407824,57.8,297.5,6.152450713986708,0.06666666666666672,0.05338324009419182,-1.0097261293023585,0.09360744083683059
2000-03-21,1,1,1.6427790050407824,55.8,176.0,5.623323345083943,0.0,0.08837252311594312,-0.8056169592565444,0.09821462038471918
2000-05-16,1,1,0.36444736113372717,54.7,382.0,5.008594311655726,0.06666666666666672,0.17287903701022422,-1.9168431203312846,0.18262278968902468
2000-06-28,0,1,0.36444736113372717,53.2,254.5,3.7589113015951776,0.033333333333333215,0.30329560631333496,-2.217154000546336,0.09718162922453111
2000-08-22,0,0,1.820583008355766,52.5,65.5,2.698327841136801,-0.06666666666666672,0.2375425370548756,-3.7395437933876052,0.15259476244296977
2000-10-03,0,0,1.820583008355766,49.9,84.5,1.8446847741563084,-0.033333333333333215,-0.05892986497605435,-4.622439567100848,0.19845064165899728
2000-11-15,0,0,0.09977412825952132,48.7,60.5,2.4531247263370544,0.03333333333333336,-0.026939141460013083,-2.6093723163995586,0.16528451248628429
2000-12-19,0,0,0.09977412825952132,48.5,101.5,1.475030259542629,0.06666666666666658,0.04411068751876979,-1.33968863340366,0.04029361986590363
2001-01-03,-1,0,0.09977412825952132,48.5,101.5,1.475030259542629,0.06666666666666658,0.021207699792268997,-1.33968863340366,0.01538303757922499
2001-01-31,-1,-1,0.5943617551420756,43.9,179.0,-0.2455522602243655,0.0,-0.09643429411321147,0.37769961837239013,0.024095270914116895
2001-03-20,-1,-1,0.5943617551420756,42.1,40.0,-0.3590530528621847,-0.10000000000000009,-0.4376806958527082,1.9611721223321534,-0.06013139263000333
2001-04-11,0,-1,0.5943617551420756,43.1,24.5,-1.7315783443053883,-0.1333333333333333,-0.27085523443742954,1.9650024300442686,-0.03499789201206038
2001-04-18,-1,0,0.5943617551420756,43.1,24.5,-1.7315783443053883,-0.1333333333333333,-0.06462936851074508,1.9650024300442686,-0.012412065963600227
2001-05-15,-1,-1,-0.3242210032234334,42.7,-163.0,-1.0403028289831548,-0.06666666666666672,-0.2858473998159847,3.3377867575860045,-0.07940959344458687
2001-06-27,-1,-1,-0.3242210032234334,41.3,-168.5,0.26233249680402393,-0.033333333333333215,-0.48431577164591433,3.9009702736575016,-0.1516095200116805
2001-08-21,-1,-1,0.621389214865502,43.5,-116.5,-0.4080397027247567,-0.06666666666666643,-0.3770761038383279,6.0645517329951915,-0.25167696000096473
2001-09-13,0,-1,0.621389214865502,46.3,-135.5,0.09323395274782512,-0.20000000000000018,-0.10786590403178486,6.661371336198303,-0.13404051764276215
2001-09-17,-1,0,0.621389214865502,46.3,-135.5,0.09323395274782512,-0.20000000000000018,-0.018532361581701462,6.661371336198303,-0.023284032439311986
2001-10-02,-1,-1,0.621389214865502,46.3,-135.5,0.09323395274782512,-0.20000000000000018,-0.12424130186257809,6.661371336198303,-0.08967986783947524
2001-11-06,-1,-1,-0.4003490160505012,40.8,-287.0,0.551744156990414,-0.2333333333333334,-0.388491669169134,4.117907685771432,-0.2363291734169879
2001-12-11,-1,-1,-0.4003490160505012,44.1,-314.5,3.1129525728696716,-0.19999999999999987,-0.3952569883384438,4.370418307633154,-0.34715997090435424
2002-01-30,0,-1,-0.4003490160505012,45.3,-236.0,1.6636323005761833,-0.2333333333333334,-0.3430842605903155,3.2864894164447698,-0.4119997948391183
2002-03-19,0,0,0.27731435849645614,50.7,-123.0,0.7895262340421398,-0.06666666666666672,-0.10618711714003282,1.0150699808597115,-0.46196584846592703
2002-05-07,0,0,0.8282272155843959,52.4,-56.5,1.318499249490444,-0.06666666666666672,0.07514086534730491,0.08568756153068054,-0.48369400111105376
2002-06-26,0,0,0.8282272155843959,53.1,-41.5,0.590479322324477,-0.033333333333333215,-0.005024204991124881,0.6891261760643644,-0.3309144739367036
2002-08-13,0,0,0.6155024557835769,50.2,-22.0,1.8969920704482317,0.03333333333333351,-0.030948020928617037,1.247937757027159,-0.2853936618581596
2002-09-24,0,0,0.6155024557835769,50.3,-48.5,2.2995800654662073,0.033333333333333215,-0.0017206456740388454,2.495223404913051,-0.2716996108424172
2002-11-06,-1,0,0.40352870399802615,49.0,20.5,-0.36703927020685745,0.033333333333333215,-0.007471575382044682,6.745682891167838,-0.16632115986572127
2002-12-10,0,-1,0.40352870399802615,48.5,57.0,-2.176804936001486,-0.06666666666666672,-0.20633120539830818,7.230892126377072,0.062227758775539765
2003-01-29,0,0,0.40352870399802615,51.6,-78.0,0.19386437071144869,-0.09999999999999994,-0.23169816260447706,7.85213594060956,-0.08654295787809074
2003-03-18,0,0,0.13065576705909676,48.8,-14.0,0.18766916849190873,0.0,0.0604209538416024,9.501922846407643,-0.043316393753366045
2003-03-25,0,0,0.13065576705909676,48.8,-14.0,0.18766916849190873,0.0,0.006127474488359375,9.501922846407643,-0.001335619095796492
2003-04-01,0,0,0.13065576705909676,48.8,-14.0,0.18766916849190873,0.0,0.0061274744883591525,9.501922846407643,-0.0016148786994429898
2003-04-08,0,0,0.13065576705909676,46.3,-174.0,0.10601918177700886,0.033333333333333215,0.005189071182604144,10.330086168383682,-0.0032672790645587035
2003-04-16,0,0,0.13065576705909676,46.3,-174.0,0.10601918177700886,0.033333333333333215,0.005930367065832942,10.330086168383682,-0.003734033216638455
2003-05-06,0,0,0.5167231869169835,46.1,-133.5,0.6737754307312572,-0.06666666666666672,0.011917637492585897,10.759199592546613,-0.015179292420743229
2003-06-25,-1,0,0.5167231869169835,49.0,-18.0,1.1260519206791904,-0.06666666666666643,0.01910121072891935,10.735572450795315,-0.08346059906920056
2003-08-12,0,-1,0.8933778011626672,51.0,-2.5,2.214143426436623,-0.06666666666666672,-0.09642999222917092,13.21026947536661,-0.10929193876212584
2003-09-15,0,0,0.8933778011626672,53.2,-22.5,2.5283038186621374,0.0,-0.08385068448693223,13.36400630524485,-0.05306659332424224
2003-09-16,0,0,0.8933778011626672,53.2,-22.5,2.5283038186621374,0.0,-0.002761461453816838,13.36400630524485,-0.001341754276120266
2003-10-28,0,0,0.8933778011626672,52.4,31.5,3.2554767197133563,0.06666666666666672,-0.025181328935340197,12.192487482788161,-0.08793149696582647
2003-12-09,0,0,1.6668962697110157,58.4,110.0,3.4993881885454745,0.09999999999999994,-0.06213266775156423,11.703657342561508,-0.055439735026143966
2004-01-28,0,0,1.6668962697110157,60.1,67.0,3.168747029947692,0.13333333333333316,-0.09432320121841298,11.760407297726852,0.07247316527628178
2004-03-16,0,0,1.1540457276178184,59.9,118.5,3.9171767984149577,0.06666666666666672,-0.06479064871011198,14.109115502184002,0.21253989499574732
2004-05-04,0,0,0.5729164860697553,60.6,293.0,4.400343288985253,0.03333333333333351,-0.0699047298158686,16.489759335165044,0.26000957628527144
2004-06-30,1,0,0.5729164860697553,61.4,276.0,4.13055450843604,0.0,-0.02245208327117698,16.897729736562265,0.3469552662197679
2004-08-10,1,1,0.778738758008883,59.9,77.0,2.052120325083857,0.033333333333333215,0.07963175560749686,12.333135218415713,0.2690723586778647
2004-09-21,1,1,0.778738758008883,58.5,72.0,1.6342403367457774,0.06666666666666643,0.1776648925875482,10.54101920414126,0.277653286464024
2004-11-10,1,1,0.9412472246594451,56.3,255.0,3.6721456409141515,0.0,0.24757662110641498,10.487772352160947,0.2810847095005693
2004-12-14,1,1,0.9412472246594451,56.2,205.0,3.2123371124663187,0.0,0.15219394171262834,10.581936624328529,0.14680239527381822
2005-02-02,1,1,1.0220273689720494,57.2,88.5,3.5063189221471305,0.0,0.21377246155809715,10.771924104523345,0.20475204928589275
2005-03-22,1,1,1.0220273689720494,55.5,204.0,3.5624375747351023,0.0,0.1752369217394214,8.824041100170698,0.17103281935470394
2005-05-03,1,1,1.1108825076965383,55.2,191.0,2.8837281602014495,0.06666666666666672,0.15785137618498712,6.853000048669874,0.14705595772381308
2005-06-30,1,1,1.1108825076965383,50.8,267.0,2.9096151065403024,0.10000000000000024,0.19666486765928504,4.982274945926721,0.2576037903202191
2005-08-09,1,1,0.4866044784053191,52.8,303.0,6.036971559161133,0.06666666666666672,0.1533043763631412,8.613153929041813,0.14996195878284713
2005-09-20,1,1,0.4866044784053191,52.4,278.0,4.700584231034915,0.06666666666666643,0.21640589935240984,9.394736559624125,0.12574254855895228
2005-11-01,1,1,0.7856219802722447,56.8,135.0,2.5080151809880906,0.0,0.22675157131241974,8.989114169112794,0.15028873982336055
2005-12-13,1,1,0.7856219802722447,56.7,213.5,1.722030471280148,-0.033333333333333215,0.18758343769109542,7.605982278296111,0.14550150784802796
2006-01-31,1,1,0.5679282383580309,55.1,247.0,1.9099648112154857,0.033333333333333215,0.21148443618471946,6.7517820041589935,0.16432941634280862
2006-03-28,1,1,0.5679282383580309,55.8,294.0,3.641557922736739,0.06666666666666672,0.2328827775554192,3.4986386800162848,0.09638279307260689
2006-05-10,1,1,1.3486661199029426,55.2,234.0,2.7924018511785653,0.0,0.18656342393874814,0.402674782064999,0.05015226145492324
2006-06-29,1,1,1.3486661199029426,53.7,98.5,2.5200369040258144,0.06666666666666672,0.15501113624636664,-1.195509177174548,0.13379675763996968
2006-08-08,0,1,0.24558373055836397,53.0,138.0,-0.3192300070602858,0.0,0.1250224786194294,-8.01681650666688,0.13434020920778877
2006-09-20,0,0,0.24558373055836397,53.7,184.5,0.2983747147329976,-0.03333333333333351,0.0899838615151003,-10.045015766365673,0.15863015513337508
2006-10-25,0,0,0.24558373055836397,52.2,161.5,1.6991356504502377,0.033333333333333215,0.013869186717009097,-11.778277763325049,0.1302891303487339
2006-12-12,0,0,0.15045618810949946,50.3,110.0,2.085320779153112,0.06666666666666672,0.025093202363238643,-16.135821496233888,0.09076539181888954
2007-01-31,0,0,0.8437116963573579,51.4,198.5,1.780984865790528,0.033333333333333215,0.06177959605559602,-17.73662352997623,0.026120447455052265
2007-03-21,0,0,0.8437116963573579,51.9,154.5,-0.05695527351436373,0.0,-0.007068876623551823,-19.744550489006325,0.09575348646085935
2007-05-09,0,0,0.29359886061897444,52.6,142.0,0.1420504095143419,0.033333333333333215,-0.042282466554785625,-21.37260796129947,0.09917740278823928
2007-06-28,0,0,0.29359886061897444,52.5,100.0,0.5545193727239421,0.033333333333333215,0.0334249061528018,-21.948913970099913,-0.07567548472610675
2007-08-07,0,0,0.6384345300807129,52.4,22.5,0.39824764762096854,-0.06666666666666672,0.053081666703735486,-21.892077855935252,-0.11110434089262267
2007-08-10,0,0,0.6384345300807129,52.4,22.5,0.39824764762096854,-0.06666666666666672,0.00220167754810241,-21.892077855935252,-0.008311312086499711
2007-08-16,0,0,0.6384345300807129,52.4,22.5,0.39824764762096854,-0.06666666666666672,0.00440335509620704,-21.892077855935252,-0.0166226241730012
2007-09-18,-1,0,0.6384345300807129,50.9,-27.0,0.8315167268759983,-0.06666666666666643,0.01402844210651466,-23.136568492423113,-0.08305991817084024
2007-10-31,-1,-1,0.6023066574509698,51.0,28.5,1.0263154202922404,-0.03333333333333351,-0.20158844759776118,-24.315930216098334,-0.11932837458454326
2007-12-06,0,-1,0.6023066574509698,50.5,94.5,1.0408094300706994,-0.03333333333333351,-0.27186604926994873,-25.306518592016648,-0.029791397176856194
2007-12-11,-1,0,0.6023066574509698,50.5,94.5,1.0408094300706994,-0.03333333333333351,-0.038125667838650124,-25.306518592016648,-0.0009700275644011214
2008-01-09,0,-1,0.6023066574509698,49.0,109.0,-0.06008446645114163,-0.09999999999999994,-0.18538401055190423,-26.850250392448288,0.010934308217430022
2008-01-21,-1,0,0.6023066574509698,49.0,109.0,-0.06008446645114163,-0.09999999999999994,-0.06934877417529339,-26.850250392448288,0.015867729788120677
2008-01-30,-1,-1,0.6023066574509698,49.0,109.0,-0.06008446645114163,-0.09999999999999994,-0.10613431314285648,-26.850250392448288,0.007700305638302041
2008-03-10,0,-1,0.6096440026404513,47.6,-34.0,-1.4836265729508264,-0.06666666666666672,-0.5977018654500044,-27.845686695181996,0.014334166245093094
2008-03-18,-1,0,0.6096440026404513,47.6,-34.0,-1.4836265729508264,-0.06666666666666672,-0.09625895588471023,-27.845686695181996,-0.006259185965032721
2008-04-30,-1,-1,-0.4074294739200093,48.3,-64.0,-2.1366316050005687,-0.033333333333333215,-0.7333769932474974,-28.713677260583783,-0.049442048923192594
2008-06-25,0,-1,-0.4074294739200093,48.8,-208.5,-2.3431288016454834,-0.16666666666666666,-0.357960523579933,-31.732943742291422,-0.11598012864875873
2008-07-24,0,0,-0.4074294739200093,49.8,-174.0,-2.5809583512548255,-0.16666666666666666,-0.028721397933285653,-32.76825778360418,-0.03377762953315955
2008-08-05,0,0,0.5722953445686956,50.0,-183.5,-3.187479551395979,-0.2666666666666666,-0.006854201402496374,-34.377483423058784,-0.01142646187837748
2008-09-16,0,0,0.5722953445686956,49.2,-237.0,-4.311777670798847,-0.2333333333333331,-0.017299564088046893,-34.81952277534259,-0.026425375931025563
2008-09-29,0,0,0.5722953445686956,49.2,-237.0,-4.311777670798847,-0.2333333333333331,-0.007639750479791596,-34.81952277534259,-0.007656614844699483
2008-10-07,-1,0,0.5722953445686956,44.8,-369.0,-5.546203708811818,-0.16666666666666666,-0.0029789629323364597,-35.18620206798203,-0.004125435269589417
2008-10-29,-1,-1,0.5722953445686956,44.8,-369.0,-5.546203708811818,-0.16666666666666666,-0.10698654467056823,-35.18620206798203,-0.014641550264657077
2008-12-16,-1,-1,-0.5268929022154585,36.5,-604.0,-10.369050538949812,-0.2333333333333334,-0.1390599895313085,-37.38806139900194,-0.1322224383331232
2009-01-16,0,-1,-0.5268929022154585,33.1,-716.5,-11.329783170282855,-0.4000000000000001,-0.43319793326718414,-37.48134165903736,-0.23880690159406726
2009-01-28,0,0,-0.5268929022154585,33.1,-716.5,-11.329783170282855,-0.4000000000000001,-0.12116653284125839,-37.48134165903736,-0.10277950055659613
2009-02-07,0,0,-2.183097148093626,34.9,-745.0,-10.681558793118537,-0.4333333333333333,-0.04913574069378891,-38.87982946103394,-0.1347418393540467
2009-03-18,0,0,-2.183097148093626,35.5,-763.5,-9.932486362341322,-0.5000000000000003,-0.1555481650414763,-39.620369931851556,-0.5798919753006588
2009-04-29,0,0,-2.183097148093626,36.0,-771.5,-10.448340429214838,-0.4666666666666665,0.1674458145834631,-39.69213695641839,-0.583085170143514
2009-06-03,0,0,-1.165722530679672,39.5,-747.5,-10.843226405004819,-0.4000000000000001,0.007566683307026133,-39.48840996005859,-0.4147722683174626
2009-06-24,0,0,-1.165722530679672,41.7,-518.5,-10.37328981934267,-0.36666666666666653,0.0,-38.2596022585668,-0.24287518791147766
2009-08-12,0,0,-0.16923813866359957,49.9,-403.5,-7.990926436320436,-0.16666666666666666,0.0,-34.58141377147914,-0.5891759707098447
2009-09-23,0,0,-0.16923813866359957,53.5,-261.5,-6.434612220836485,-0.06666666666666643,0.0,-31.759730907617797,-0.5250021941738707
2009-11-04,0,0,0.361929990768889,56.0,-220.0,-4.694741485898099,-0.16666666666666666,0.0,-25.698768397421816,-0.4925978408622904
2009-12-16,0,0,0.361929990768889,54.4,-93.5,-1.7047499966467892,-0.10000000000000024,0.0,-22.72255166237709,-0.345129125773434
2010-01-27,0,0,0.361929990768889,55.3,-128.5,0.46596420285446427,-0.033333333333333215,0.0,-20.017217054920042,-0.2697188363823283
2010-03-16,0,0,1.0679619498303392,55.8,-45.0,0.6266577322085791,0.033333333333333215,0.0,-13.627153430819215,0.0
2010-04-28,0,0,1.0679619498303392,58.8,44.5,3.1318856077744166,0.0,0.0,-9.541745551680462,0.0
2010-05-09,0,0,0.500053481481906,58.1,206.0,5.294846101212984,-0.033333333333333215,0.0,-4.345960751645031,0.0
2010-06-23,0,0,0.500053481481906,58.3,385.5,4.7184771739262885,0.06666666666666703,0.0,-4.357218209710999,0.0
2010-08-10,0,0,0.9677046393262432,56.4,-111.5,2.853103600993685,0.16666666666666666,0.0,-6.056975191468845,0.0
2010-09-21,0,0,0.9677046393262432,58.0,-44.5,2.266076151825852,0.033333333333333215,0.0,-8.442628457339897,0.0
2010-10-15,0,0,0.9677046393262432,56.3,-35.0,3.385857817577012,-0.033333333333333215,0.0,-9.027723807689108,0.0
2010-11-03,0,0,0.7731441503026897,56.3,-35.0,3.385857817577012,-0.033333333333333215,0.0,-9.027723807689108,0.0
2010-12-14,0,0,0.7731441503026897,57.6,196.5,5.3392098852693515,-0.10000000000000024,0.0,-12.9565742441957,0.0
2011-01-26,0,0,0.7731441503026897,57.5,98.5,5.354604874957721,0.06666666666666643,0.0,-13.019496235997003,0.0
2011-03-15,0,0,0.5195951592372664,59.3,115.5,5.811821550636463,0.2666666666666669,0.0,-14.991038066848091,0.0
2011-04-27,0,0,0.5195951592372664,59.1,223.5,4.99079287955021,0.10000000000000024,0.0,-17.7951399877363,0.0
2011-06-22,0,0,-0.24091606810351815,53.7,207.5,3.530827618244893,0.0,0.0,-19.23700248496834,0.0
2011-08-01,0,0,0.6780507512058875,56.6,168.5,4.201768758017828,-0.033333333333333215,0.0,-17.48030397692457,0.0
2011-08-09,0,0,0.6780507512058875,52.9,148.0,4.43294192320018,0.033333333333333215,0.0,-14.502204652973964,0.0
2011-09-21,0,0,0.6780507512058875,53.0,93.0,3.977088017544982,0.0,0.0,-11.288516822824768,0.0
2011-11-02,0,0,-0.03876716265750793,52.8,179.5,3.784971569391662,0.033333333333333215,-0.005913800141475976,-10.140625048145266,0.00985633356912663
2011-11-28,0,0,-0.03876716265750793,51.8,218.5,3.775585439001671,0.06666666666666643,0.0,-7.21510698087462,0.0
2011-12-13,0,0,-0.03876716265750793,52.1,168.0,3.354297318712441,0.13333333333333344,0.0,-4.069075234842874,0.0
2012-01-25,0,0,-0.03876716265750793,53.1,167.0,2.9680521114989746,0.16666666666666666,0.005125293455945846,-3.070109348990485,0.0
2012-03-13,0,0,1.1216781834985816,52.4,308.0,3.487965159608313,0.09999999999999964,-0.043180811271544925,3.207676203065708,0.0732821965951251
2012-04-25,0,0,1.1216781834985816,53.0,251.0,3.5735153351998403,0.10000000000000024,-0.049750020320918506,6.479329746372795,0.08291670053486415
2012-06-20,0,0,0.8179228450998807,53.2,91.0,3.0183918544571187,0.033333333333333805,-0.04044523240651207,10.905724473752043,0.15880809756191255
2012-08-01,0,0,0.4558599868677108,51.0,86.5,2.3820771116149952,0.0,-0.008028509897204827,12.648458166542923,0.0965735845359279
2012-09-13,0,0,0.4558599868677108,51.1,162.0,2.686444872813293,0.033333333333333215,0.020512357667085424,15.93664266592068,0.09259925844718736
2012-10-24,0,0,0.4558599868677108,52.2,179.5,2.82354621302881,0.13333333333333316,0.01669270813419188,18.498782933782767,0.059894830750612194
2012-12-12,-1,0,0.17488297760156207,49.5,157.5,2.0106056430692605,0.13333333333333316,0.027722282939450324,19.325995832503352,0.05902505541523251
2013-01-30,0,-1,0.17488297760156207,50.4,197.5,2.427611589691483,-0.03333333333333351,0.0032997154647516624,20.359960054177844,0.0670553816119408
2013-03-20,0,0,0.10983806746418219,53.1,234.5,2.2854085010745875,0.0,0.03589378916095521,21.242409985094394,-0.08676441054246553
2013-05-01,0,0,0.8677895476911597,51.5,208.5,1.8475580427441363,0.13333333333333344,0.03663343104196715,21.861054052891003,-0.08557792475977832
2013-06-19,0,0,0.8677895476911597,50.0,206.5,2.086368567166656,0.06666666666666672,-0.007812805976287801,22.25663097498963,-0.12747398553498884
2013-07-31,0,0,0.1393852197657185,52.5,201.5,2.8255249818526895,0.0,-0.0023329096409072762,23.169483195981385,-0.0894487349398102
2013-09-18,0,0,0.1393852197657185,56.3,177.0,2.809717323282558,0.09999999999999994,0.008616532595281228,19.264966020759015,-0.10394495629355627
2013-10-16,0,0,0.1393852197657185,56.0,214.5,2.0958062479580426,0.09999999999999994,0.001969579686084329,17.434181673527295,-0.044932469377486434
2013-10-30,0,0,0.1393852197657185,56.0,214.5,2.0958062479580426,0.09999999999999994,0.0009983995091383234,17.434181673527295,-0.01801739461040816
2013-12-18,1,0,0.791653410795001,57.0,244.5,2.2625554038706346,0.09999999999999994,-0.020575168283640942,17.85039185772223,-0.030992717819856103
2014-01-29,0,1,0.791653410795001,56.5,166.5,1.9803801693218575,0.16666666666666666,-0.02072402477092216,17.143100658071095,-0.02243190220420696
2014-03-04,0,0,0.7111710015635665,54.3,170.5,0.4202022244895181,0.06666666666666672,-0.021285384071096702,11.978234816781203,0.05976779554994502
2014-03-19,0,0,0.7111710015635665,54.3,170.5,0.4202022244895181,0.06666666666666672,-0.007027421816554552,11.978234816781203,0.021217450959485795
2014-04-30,0,0,-0.3501097365126946,54.4,210.0,1.4320520515181676,0.0,-0.01045385170695251,9.127608767002611,0.04984219698855749
2014-06-18,0,0,-0.3501097365126946,55.6,271.5,2.9202577926190942,0.13333333333333344,0.04956683334376668,5.503034172688703,-0.013417753984907271
2014-07-30,0,0,-0.3501097365126946,55.7,272.0,2.698022344456245,0.20000000000000018,0.028528966678387037,2.0347520607895695,-0.001361405040358088
2014-09-17,0,0,1.2841289071790578,58.1,210.0,2.8721047525339873,0.06666666666666672,-0.06522108815735417,4.006337319949248,0.10870181359559031
2014-10-29,1,0,1.2841289071790578,56.1,248.5,3.3928400626828985,0.06666666666666643,-0.05326338606814644,5.002169444813631,0.08984802607179421
2014-12-17,0,1,1.1649616444854691,57.6,271.5,3.462578210048292,0.09999999999999994,-0.045526494125759404,2.378210248802248,0.15237639601051012
2017-02-01,0,0,0.49688879606063624,54.5,172.0,1.4985180902165183,0.09999999999999994,0.2292649560747697,11.831542690675107,0.7589158324547951
2017-03-15,1,0,0.49688879606063624,57.6,201.5,2.42776689432695,0.03333333333333351,0.07813048456139698,14.906878905813295,0.14369957645124498
2017-05-03,0,1,0.4719310419164807,56.6,166.0,1.9542021586198772,0.09999999999999994,0.09435816307912442,15.742822932546796,0.1392572451120906
2017-06-14,1,0,0.4719310419164807,55.5,214.0,2.2936816450377364,0.06666666666666643,0.11188633000423942,14.591357170118144,0.07058556861147802
2017-07-26,0,1,0.4719310419164807,56.7,210.0,1.7565883681720855,0.03333333333333351,0.11588722440363763,14.077412177099989,0.054571537007877424
2017-09-20,1,0,0.5597648226707356,59.3,164.0,1.6159787871941895,0.0,0.11067918658255621,9.793659328198983,0.09849909407207447
2017-11-01,0,1,0.7191499912039876,60.2,122.0,2.137036252944177,0.0,0.004524581946888873,8.885418744661285,0.025366072930680605
2017-12-13,1,0,0.7191499912039876,58.2,170.5,3.2280218743495777,0.06666666666666672,-0.015609330243014696,9.039727394853534,0.04590757252368327
2018-01-31,0,1,0.9403998383337081,59.3,188.0,3.360886202951397,0.06666666666666672,0.07065121045110878,10.251669047971658,0.059684177057098386
2018-03-21,1,0,0.9403998383337081,60.7,267.5,1.8902963685276877,0.03333333333333351,0.0463371983286921,8.750672925209422,0.1074329991446128
2018-05-02,0,1,0.7628540361272956,59.3,313.5,2.1310277482653666,0.033333333333333215,0.052776583993290216,7.4914741896457855,0.10283480979503068
2018-06-13,1,0,0.7628540361272956,58.7,256.0,2.544089894210242,0.09999999999999994,0.041607271416867264,7.718547629767328,0.21094555845939134
2018-08-01,0,1,0.8339109088382559,60.0,258.0,2.8770402064654466,0.0,0.0690632754534819,6.705055258951057,0.25207859393108967
2018-09-26,1,0,0.8339109088382559,60.8,142.5,3.052039028855253,0.0,0.058533357811971665,9.255703501054557,0.3365335852220013
2018-11-08,0,1,0.4819525590204151,57.5,101.0,1.3339353784085397,0.0,0.08449413114827087,6.012827585809998,0.25825647170503174
2018-12-19,1,0,0.4819525590204151,58.8,123.5,1.5043232127093287,0.0,0.10691582952129386,2.706837183072942,0.19490788979004714
2019-01-30,0,1,0.4819525590204151,54.3,175.0,0.10918928350904222,-0.06666666666666658,0.1162948601209568,0.10081089118932758,0.1899016910600908
2019-03-20,0,0,0.2231418351111322,54.1,151.5,0.5425100853548834,0.0,0.13945203419919827,-0.30973827614668753,0.10962682238054855
2019-05-01,0,0,0.5977902900982079,54.6,124.0,0.9179367672255818,0.03333333333333336,0.049998799449817666,-0.286810364702172,0.028896149328963006
2019-06-19,0,0,0.5977902900982079,52.3,182.5,1.1298583353237714,0.06666666666666658,0.034426358794853895,-2.091201193359948,-0.05834587729562868
2019-07-31,-1,0,0.7929244082058233,51.6,103.5,1.1709183720022378,0.06666666666666658,0.00018728538962808905,-0.3258759625615711,-0.05724365936264464
2019-09-18,-1,-1,0.7929244082058233,48.8,119.0,1.8007193788623388,-0.03333333333333336,-0.15132031079169495,0.34126957043284617,-0.053607375610763786
2019-10-04,0,-1,0.7929244082058233,48.2,161.5,2.0288663433629437,0.03333333333333336,-0.08484334289091922,2.5912475469117258,-0.013968237119838633
2019-10-30,-1,0,0.7929244082058233,48.2,161.5,2.0288663433629437,0.03333333333333336,-0.15082443958611358,2.5912475469117258,-0.007184462161150318
2019-12-11,0,-1,0.6854987913095664,48.1,172.5,1.138401623348235,0.03333333333333336,-0.20916005800177906,8.307144527785853,-0.00830511926885169
2020-01-29,0,0,0.6854987913095664,47.8,226.0,2.1140924879383896,-0.03333333333333336,-0.1267736726980443,11.931066467060022,-0.028461537159762962
2020-03-03,-1,0,0.4690976182113644,50.9,269.5,2.7281442429601555,0.03333333333333336,0.0075537611719156406,13.383678628140387,0.004336396134910547
2020-03-15,-1,-1,0.4690976182113644,50.3,357.5,2.2693549395157007,0.03333333333333336,-0.05355699521513413,13.661552257463294,0.01714625409019721
2020-03-19,0,-1,0.4690976182113644,50.3,357.5,2.2693549395157007,0.03333333333333336,-0.04775973914578546,13.661552257463294,0.005715418030065589
2020-03-23,0,0,0.4690976182113644,50.3,357.5,2.2693549395157007,0.03333333333333336,-0.05720418359022994,13.661552257463294,0.005715418030066033
2020-03-31,0,0,0.4690976182113644,50.3,357.5,2.2693549395157007,0.03333333333333336,-0.11440836718045988,13.661552257463294,0.014879883147286055
2020-04-29,0,0,0.4690976182113644,49.7,-561.0,-2.5202338646771008,-0.2666666666666668,-0.43420038690132406,12.026415192928743,0.07616314065486485
2020-06-10,0,0,-1.3035827460342164,43.1,-8925.5,-13.141101824874397,-3.233333333333333,-0.420997139504731,12.231533050772432,-0.15997523225919696
2020-07-29,0,0,-1.3035827460342164,52.2,3573.5,-2.3637668918058496,-2.1999999999999997,0.21820156541415983,12.157074039879738,-0.3214359850058375
2020-08-27,0,0,-8.937250501161023,53.7,2946.5,1.4572302033406896,1.5,0.09379103064786772,16.05958976315018,-0.2876609937819321
2020-09-16,0,0,-8.937250501161023,55.6,1526.5,1.7009885886174145,1.5999999999999996,0.032949811000954066,18.39209994468349,-0.20336371054455027
2020-11-05,0,0,7.547534636423657,58.8,783.0,4.27164482170441,1.0999999999999996,0.06467369376056155,20.536121518785784,-0.5286912644980624
2020-12-16,0,0,7.547534636423657,57.7,490.0,3.1627405634670414,0.5666666666666668,0.0,21.394689865218208,-0.4357801860558339
2021-01-27,0,0,7.547534636423657,60.5,109.0,1.6825547397943967,0.4000000000000001,0.0,21.323363676153793,-0.42713986860864495
2021-03-17,0,0,1.1152767659365777,60.9,615.0,6.223336964721065,0.16666666666666666,0.0,22.619915228100453,-0.5152340442572
2021-04-28,0,0,1.1152767659365777,63.7,707.0,15.544883881070554,0.2333333333333334,0.0,27.096635555153494,-0.4560747942176369
2021-06-16,0,0,1.5338896272110658,61.6,355.0,34.659129666612415,0.13333333333333344,-0.12895287104061268,30.65388600286616,0.009166724109340663
2021-07-28,0,0,1.5338896272110658,60.9,502.0,17.421508994804448,0.033333333333333215,-0.22090004662522852,27.60418794404029,0.2671345989927203
2021-09-22,0,0,1.6407465395443113,59.7,603.0,9.752566026334684,0.19999999999999987,-0.2658583829044667,14.575622753666535,0.7201198230327568
2021-11-03,0,0,0.5709481105992145,60.5,470.5,9.14477158074951,0.4000000000000001,-0.09173576234595238,9.336446315914111,0.5515960077927018
2021-12-15,0,0,0.5709481105992145,60.6,662.0,10.359025789317453,0.3333333333333333,-0.032409825760035815,0.11828187277695967,0.6028205582446728
2022-01-26,0,0,0.5709481105992145,58.8,578.5,10.136027073676738,0.2666666666666668,-0.09473473636151841,-3.4356568933738547,0.7081445473080987
2022-03-16,1,0,1.6790943920683765,58.6,488.5,7.0123461795572,0.19999999999999987,-0.2063238181318856,-3.4356568933738547,1.0423275226083133
2022-05-04,1,1,1.6790943920683765,57.1,488.5,7.0123461795572,0.19999999999999987,-0.013752865180136409,-3.4356568933738547,1.0309347947060932
2022-06-15,1,1,1.6790943920683765,57.1,488.5,7.0123461795572,0.19999999999999987,0.3297865537777531,-3.4356568933738547,0.6297762610437765
